[
  {
    "condition": "minecraft:entity_scores",
    "entity": "this",
    "scores": {
      "toggleCrawl": 1
    }
  },
  {
    "condition": "minecraft:inverted",
    "term": {
      "condition": "minecraft:entity_properties",
      "entity": "this",
      "predicate": {
        "type_specific": {
          "type": "minecraft:player",
          "gamemode": [
            "spectator"
          ]
        }
      }
    }
  },
  {
    "condition": "minecraft:entity_properties",
    "entity": "this",
    "predicate": {
      "flags": {
        "is_on_ground": true,
        "is_swimming": false
      }
    }
  }
]
