[
  {
    "condition": "minecraft:inverted",
    "term": {
      "condition": "minecraft:entity_scores",
      "entity": "this",
      "scores": {
        "ezcrawl.crawling": {
          "min": 0
        }
      }
    }
  },
  {
    "condition": "minecraft:entity_properties",
    "entity": "this",
    "predicate": {
      "type_specific": {
        "type": "minecraft:player",
        "input": {
          "jump": false
        }
      },
      "flags": {
        "is_on_ground": true,
        "is_sneaking": true
      }
    }
  },
  {
    "condition": "minecraft:entity_scores",
    "entity": "this",
    "scores": {
      "toggleCrawl": 1
    }
  },
  {
    "condition": "minecraft:inverted",
    "term": {
      "condition": "minecraft:entity_properties",
      "entity": "this",
      "predicate": {
        "type_specific": {
          "type": "minecraft:player",
          "gamemode": [
            "spectator"
          ]
        }
      }
    }
  }
]
