[
  {
    "condition": "minecraft:inverted",
    "term": {
      "condition": "minecraft:entity_scores",
      "entity": "this",
      "scores": {
        "ezcrawl.crawling": {
          "min": 0
        }
      }
    }
  },
  {
    "condition": "minecraft:entity_properties",
    "entity": "this",
    "predicate": {
      "nbt": "{OnGround:1b}"
    }
  },
  {
    "condition": "minecraft:entity_properties",
    "entity": "this",
    "predicate": {
      "flags": {
        "is_sneaking": true
      }
    }
  },
  {
    "condition": "minecraft:entity_scores",
    "entity": "this",
    "scores": {
      "toggleCrawl": 1
    }
  },
  {
    "condition": "minecraft:inverted",
    "term": {
      "condition": "minecraft:entity_properties",
      "entity": "this",
      "predicate": {
        "type_specific": {
          "type": "player",
          "gamemode": "spectator"
        }
      }
    }
  }
]
